{"type":2,"rcvTime":199.0,"pos":[2414.9758742336387,1578.467329271705,0.0],"pos_noise":[4.599135220055981,4.45292720748757,0.0],"spd":[0.0,0.0,0.0],"spd_noise":[-0.0,0.0,0.0],"acl":[2.985950093949806e-7,2.985950093949806e-7,0.0],"acl_noise":[0.00002695174051804875,0.00002695174051804875,0.0],"hed":[-0.9387159816852648,0.3446916096000445,0.0],"hed_noise":[5.391063577651851,5.391063577651851,0.0]}
{"type":3,"rcvTime":199.041260633789,"sendTime":199.041260633789,"sender":327,"senderPseudo":103271,"messageID":1646154,"pos":[2000.0985271636965,1552.0105060189558,0.0],"pos_noise":[3.243234780870806,3.3815718267929117,0.0],"spd":[0.0,0.0,0.0],"spd_noise":[-0.0,0.0,0.0],"acl":[0.0000164180979130706,0.0000164180979130706,0.0],"acl_noise":[0.0,0.0,0.0],"hed":[0.03512903988505426,0.9993827848010762,0.0],"hed_noise":[13.74455747683032,13.74455747683032,0.0]}
{"type":3,"rcvTime":199.130317711124,"sendTime":199.130317711124,"sender":393,"senderPseudo":103931,"messageID":1647007,"pos":[1044.0234084603406,1256.2117287025849,0.0],"pos_noise":[3.8281764126042736,4.047002478126136,0.0],"spd":[0.0,0.0,0.0],"spd_noise":[-0.0,0.0,0.0],"acl":[0.000002017235894894572,0.000002017235894894572,0.0],"acl_noise":[0.0,0.0,0.0],"hed":[-0.6904977987753552,0.723334493776143,0.0],"hed_noise":[18.62009167109965,18.62009167109965,0.0]}
{"type":3,"rcvTime":199.168519441175,"sendTime":199.168519441175,"sender":351,"senderPseudo":103511,"messageID":1647394,"pos":[271.6249975817009,602.7820697676002,0.0],"pos_noise":[4.460138251680758,4.815563831923817,0.0],"spd":[0.0,0.0,0.0],"spd_noise":[-0.0,-0.0,0.0],"acl":[0.00004541132286651394,0.00004541132286651394,0.0],"acl_noise":[0.0,0.0,0.0],"hed":[0.15663778922302619,0.9876561157545286,0.0],"hed_noise":[1.6039841152383657,1.6039841152383657,0.0]}
{"type":3,"rcvTime":199.306890502411,"sendTime":199.306890502411,"sender":363,"senderPseudo":103631,"messageID":1650113,"pos":[723.0082148704537,610.3275939856718,0.0],"pos_noise":[3.259540098379927,3.4011827685447928,0.0],"spd":[0.0,0.0,0.0],"spd_noise":[0.0,0.0,0.0],"acl":[0.0000021231436095482314,0.0000021231436095482314,0.0],"acl_noise":[0.0,0.0,0.0],"hed":[0.9959950636341972,0.08940823908517305,0.0],"hed_noise":[1.5262839480174662,1.5262839480174662,0.0]}
{"type":3,"rcvTime":199.349524633745,"sendTime":199.349524633745,"sender":369,"senderPseudo":103691,"messageID":1651126,"pos":[48.764602420352158,2345.727342235713,0.0],"pos_noise":[4.510576696503771,4.559846255078162,0.0],"spd":[0.0,0.0,0.0],"spd_noise":[0.0,0.0,0.0],"acl":[0.000014729461720859935,0.000014729461720859935,0.0],"acl_noise":[0.0,0.0,0.0],"hed":[0.9939532236429453,0.1098043223639087,0.0],"hed_noise":[3.7621436826581178,3.7621436826581178,0.0]}
{"type":3,"rcvTime":199.36099060390399,"sendTime":199.36099060390399,"sender":297,"senderPseudo":102971,"messageID":1651303,"pos":[34.76630133731356,2284.6803790218716,0.0],"pos_noise":[4.387483073732053,4.194437287611686,0.0],"spd":[0.0,0.0,0.0],"spd_noise":[-0.0,0.0,0.0],"acl":[0.00006971704400174852,0.00006971704400174852,0.0],"acl_noise":[0.0,0.0,0.0],"hed":[-0.024011735575098518,0.9997116767121766,0.0],"hed_noise":[4.003088146065319,4.003088146065319,0.0]}
{"type":3,"rcvTime":199.370695604787,"sendTime":199.370695604787,"sender":309,"senderPseudo":103091,"messageID":1651857,"pos":[2398.413489285527,695.2398742725068,0.0],"pos_noise":[3.674746685455477,3.553716209226895,0.0],"spd":[0.0,0.0,0.0],"spd_noise":[-0.0,0.0,0.0],"acl":[0.000019792367649712067,0.000019792367649712067,0.0],"acl_noise":[0.0,0.0,0.0],"hed":[-0.04633592854252754,0.9989259140327184,0.0],"hed_noise":[3.870729311691254,3.870729311691254,0.0]}
{"type":3,"rcvTime":199.394266267349,"sendTime":199.394266267349,"sender":357,"senderPseudo":103571,"messageID":1653194,"pos":[724.4296389310548,1542.0276495778088,0.0],"pos_noise":[2.8910896155684089,2.930149720327263,0.0],"spd":[0.0,0.0,0.0],"spd_noise":[-0.0,-0.0,0.0],"acl":[0.0000031547718208083158,0.0000031547718208083158,0.0],"acl_noise":[0.0,0.0,0.0],"hed":[0.8416897764369257,0.5399614062519265,0.0],"hed_noise":[18.051531139551384,18.051531139551384,0.0]}
{"type":3,"rcvTime":199.395716297331,"sendTime":199.395716297331,"sender":399,"senderPseudo":103991,"messageID":1653538,"pos":[438.8076591630987,1177.2986123043148,0.0],"pos_noise":[3.867212897241193,3.91596621629277,0.0],"spd":[0.0,0.0,0.0],"spd_noise":[0.0,-0.0,0.0],"acl":[0.00008647466972839869,0.00008647466972839869,0.0],"acl_noise":[0.0,0.0,0.0],"hed":[-0.6933171899401779,0.7206325513973507,0.0],"hed_noise":[9.143186600926989,9.143186600926989,0.0]}
{"type":3,"rcvTime":199.433280803529,"sendTime":199.433280803529,"sender":387,"senderPseudo":103871,"messageID":1654040,"pos":[2349.7687414672416,1640.2271817895397,0.0],"pos_noise":[4.059320423586231,3.857033745591396,0.0],"spd":[0.0,0.0,0.0],"spd_noise":[0.0,-0.0,0.0],"acl":[0.0000019837635514284294,0.0000019837635514284294,0.0],"acl_noise":[0.0,0.0,0.0],"hed":[-0.6689573977063801,0.7433007467061418,0.0],"hed_noise":[16.752445671775626,16.752445671775626,0.0]}
{"type":3,"rcvTime":199.465002095437,"sendTime":199.465002095437,"sender":303,"senderPseudo":103031,"messageID":1654676,"pos":[1226.455547404713,2312.4942996155525,0.0],"pos_noise":[4.427331644800381,4.7612259553502629,0.0],"spd":[0.0,0.0,0.0],"spd_noise":[0.0,-0.0,0.0],"acl":[0.000009900742208357508,0.000009900742208357508,0.0],"acl_noise":[0.0,0.0,0.0],"hed":[-0.03329559239539926,0.99944554805504,0.0],"hed_noise":[3.974444108731298,3.974444108731298,0.0]}
{"type":3,"rcvTime":199.495385371804,"sendTime":199.495385371804,"sender":333,"senderPseudo":103331,"messageID":1655310,"pos":[295.39535881607636,893.7303567723302,0.0],"pos_noise":[4.660087280576159,4.74055272174531,0.0],"spd":[0.0,0.0,0.0],"spd_noise":[0.0,0.0,0.0],"acl":[0.00007276209128097408,0.00007276209128097408,0.0],"acl_noise":[0.0,0.0,0.0],"hed":[0.198630303593754,0.9800744882376304,0.0],"hed_noise":[14.886403061660618,14.886403061660618,0.0]}
{"type":3,"rcvTime":199.609931156243,"sendTime":199.609931156243,"sender":315,"senderPseudo":103151,"messageID":1656106,"pos":[45.33959524837116,2471.7715825044895,0.0],"pos_noise":[3.8486357998999609,4.007861425510988,0.0],"spd":[0.0,0.0,0.0],"spd_noise":[0.0,-0.0,0.0],"acl":[0.000008726787620197425,0.000008726787620197425,0.0],"acl_noise":[0.0,0.0,0.0],"hed":[0.06018141181403547,0.9981874561784823,0.0],"hed_noise":[16.325532985264219,16.325532985264219,0.0]}
{"type":3,"rcvTime":199.64060797780599,"sendTime":199.64060797780599,"sender":345,"senderPseudo":103451,"messageID":1657000,"pos":[1180.1244387687494,1909.8163298616074,0.0],"pos_noise":[3.767400054059835,3.705816619724469,0.0],"spd":[0.0,0.0,0.0],"spd_noise":[0.0,0.0,0.0],"acl":[0.000009321219716340606,0.000009321219716340606,0.0],"acl_noise":[0.0,0.0,0.0],"hed":[0.21759594629723096,0.9760389357781854,0.0],"hed_noise":[13.344797054822149,13.344797054822149,0.0]}
{"type":3,"rcvTime":199.663562368148,"sendTime":199.663562368148,"sender":291,"senderPseudo":102911,"messageID":1657525,"pos":[2030.1340939078544,1035.2197967687596,0.0],"pos_noise":[5.1584433916562,4.921924686663144,0.0],"spd":[0.0,0.0,0.0],"spd_noise":[0.0,-0.0,0.0],"acl":[0.00004085811322663301,0.00004085811322663301,0.0],"acl_noise":[0.0,0.0,0.0],"hed":[-0.12137314359012679,0.992606951423901,0.0],"hed_noise":[7.452795450783621,7.452795450783621,0.0]}
{"type":3,"rcvTime":199.716210920906,"sendTime":199.716210920906,"sender":339,"senderPseudo":103391,"messageID":1659037,"pos":[1008.4187700090107,713.8570499759309,0.0],"pos_noise":[3.174787108603679,3.3605803240150777,0.0],"spd":[0.0,0.0,0.0],"spd_noise":[0.0,0.0,0.0],"acl":[1.7960426249722547e-7,1.7960426249722547e-7,0.0],"acl_noise":[0.0,0.0,0.0],"hed":[0.23221402655909999,0.9726647140043735,0.0],"hed_noise":[18.537778320151277,18.537778320151277,0.0]}
{"type":3,"rcvTime":199.897391152124,"sendTime":199.897391152124,"sender":375,"senderPseudo":103751,"messageID":1661119,"pos":[587.4093330586277,2231.4779378906175,0.0],